<?xml version="1.0" encoding="utf-8"?>
<component size="1136,640" opaque="false">
  <displayList>
    <text id="n21" name="n21" xy="558,53" size="244,40" fontSize="36" color="#ffffff" strokeColor="#000000" text="Shape Hit Test"/>
    <text id="n26" name="n26" xy="98,50" size="208,40" fontSize="36" color="#ffffff" strokeColor="#000000" text="Pixel Hit Test"/>
    <component id="n30" name="n30" src="g40je" fileName="button1.xml" xy="202,244"/>
    <component id="n31" name="n31" src="g40jf" fileName="button2.xml" xy="100,179"/>
    <component id="n32" name="n32" src="g40jg" fileName="button3.xml" xy="174,138"/>
    <component id="n34_hyo5" name="n34" src="hyo5i" fileName="button4.xml" xy="626,151"/>
  </displayList>
</component>